1	16569	12.233	NC_012920.1_Homo_sapiens_mitochondrion,_complete_genome
2	7713	 1.977	MH484165.1_Enterovirus_C96_isolate_3499/BRA-PA/10,_complete_genome
3	154675	 1.056	JN561323.2_Human_herpesvirus_2_strain_HG52,_complete_genome
4	154746	 1.026	NC_001798.1_Human_herpesvirus_2,_complete_genome
5	2576	 0.999	MN776184.1_MAG:_Torque_teno_midi_virus_isolate_SAfiA-380-165_ORF1_gene,_complete_cds
6	154126	 0.997	KF781518.1_Human_herpesvirus_2_strain_SD90e,_complete_genome
7	152633	 0.964	MF564034.1_Human_alphaherpesvirus_2_strain_sample_08,_complete_genome
8	152593	 0.959	MF564037.1_Human_alphaherpesvirus_2_strain_sample_19,_complete_genome
9	152593	 0.958	MF564036.1_Human_alphaherpesvirus_2_strain_sample_16,_complete_genome
10	2684	 0.944	MN775801.1_MAG:_Torque_teno_midi_virus_isolate_SAfiA-468-13_ORF1_gene,_complete_cds
11	152609	 0.943	MF564035.1_Human_alphaherpesvirus_2_strain_sample_14,_complete_genome
12	2664	 0.921	MN778147.1_MAG:_Torque_teno_midi_virus_isolate_SAfiA-813-509_ORF1_gene,_complete_cds
13	3268	 0.826	MZ286238.1_Anelloviridae_sp._isolate_SP13_C2,_complete_genome
14	2590	 0.778	MN778061.1_MAG:_Torque_teno_midi_virus_isolate_SAfiA-644-39_ORF1_gene,_complete_cds
15	2561	 0.773	MN779227.1_MAG:_Torque_teno_midi_virus_isolate_SAfiA-833-26_ORF1_gene,_complete_cds
16	3302	 0.760	MN165095.1_Torque_teno_midi_virus_isolate_Chzj53_hypothetical_protein_gene,_complete_cds
17	2538	 0.714	MN778535.1_MAG:_Torque_teno_midi_virus_isolate_SAfiA-429-25_ORF1_gene,_complete_cds
18	2600	 0.685	MN778812.1_MAG:_Torque_teno_midi_virus_isolate_SAfiA-611-265_ORF1_gene,_complete_cds
19	2642	 0.683	MN778157.1_MAG:_Torque_teno_midi_virus_isolate_SAfiA-108-32_ORF1_gene,_complete_cds
20	2485	 0.682	MN777870.1_MAG:_Torque_teno_midi_virus_isolate_SAfiA-676-59_ORF1_gene,_complete_cds
21	2571	 0.644	MN778100.1_MAG:_Torque_teno_midi_virus_isolate_SAfiA-511-26_ORF1_gene,_complete_cds
22	2564	 0.617	MN775586.1_MAG:_Torque_teno_midi_virus_isolate_SAfiA-128A-37_ORF1_gene,_complete_cds
23	2575	 0.615	MN775159.1_MAG:_Torque_teno_midi_virus_isolate_SAfiA-460-14_ORF1_gene,_complete_cds
24	2561	 0.595	MN776672.1_MAG:_Torque_teno_midi_virus_isolate_SAfiA-587-291_ORF1_gene,_complete_cds
25	2583	 0.575	MN778330.1_MAG:_Torque_teno_midi_virus_isolate_SAfiA-865-169_ORF1_gene,_complete_cds
26	152151	 0.573	GU734771.1_Human_herpesvirus_1_strain_F,_complete_genome
27	2660	 0.571	MN777551.1_MAG:_Torque_teno_midi_virus_isolate_SAfiA-35-91_ORF1_gene,_complete_cds
28	2685	 0.568	MN778179.1_MAG:_Torque_teno_midi_virus_isolate_SAfiA-275-77_ORF1_gene,_complete_cds
29	152066	 0.568	GU734772.1_Human_herpesvirus_1_strain_H129,_complete_genome
30	152222	 0.567	JN555585.1_Human_herpesvirus_1_strain_17,_complete_genome
31	156077	 0.554	MH999845.1_Human_alphaherpesvirus_1_strain_HSV-H12117,_complete_genome
32	152011	 0.553	JQ673480.1_Human_herpesvirus_1_strain_KOS,_complete_genome
33	152094	 0.552	MH999851.1_Human_alphaherpesvirus_1_strain_HSV-H1412,_complete_genome
34	2583	 0.551	MN778482.1_MAG:_Torque_teno_midi_virus_isolate_SAfiA-131-19_ORF1_gene,_complete_cds
35	155011	 0.547	MH999849.1_Human_alphaherpesvirus_1_strain_HSV-H1312,_complete_genome
36	2355	 0.539	MN775122.1_MAG:_Torque_teno_midi_virus_isolate_SAfiA-11-90_ORF1_gene,_complete_cds
37	2626	 0.539	MN775179.1_MAG:_Torque_teno_midi_virus_isolate_SAfiA-611-242_ORF1_gene,_complete_cds
38	151809	 0.534	MH999847.1_Human_alphaherpesvirus_1_strain_HSV-H12118,_complete_genome
39	155156	 0.521	MH999850.1_Human_alphaherpesvirus_1_strain_HSV-H15119,_complete_genome
40	152599	 0.521	MH999842.1_Human_alphaherpesvirus_1_strain_HSV-H12113,_complete_genome
41	151024	 0.519	JQ780693.1_Human_herpesvirus_1_strain_KOS,_complete_genome
42	151461	 0.519	MH999848.1_Human_alphaherpesvirus_1_strain_HSV-H1311,_complete_genome
43	150853	 0.502	MN925871.1_UNVERIFIED:_Human_alphaherpesvirus_1_strain_Sample4_DOCK8,_complete_genome
44	151678	 0.498	MH999844.1_Human_alphaherpesvirus_1_strain_HSV-H12114,_complete_genome
45	151140	 0.495	MH999846.1_Human_alphaherpesvirus_1_strain_HSV-H1215,_complete_genome
46	7586	 0.486	MH118029.1_Enterovirus_A76_strain_10-3291-2,_complete_genome
47	7537	 0.484	MH118085.1_Coxsackievirus_A10_strain_09-2093-1,_complete_genome
48	2647	 0.479	MN775743.1_MAG:_Torque_teno_midi_virus_isolate_SAfiA-297-129_ORF1_gene,_complete_cds
49	7550	 0.473	MH118035.1_Coxsackievirus_A10_strain_17-2249-2,_complete_genome
50	2642	 0.465	MN776643.1_MAG:_Torque_teno_midi_virus_isolate_SAfiA-421-29_ORF1_gene,_complete_cds
51	7550	 0.463	MH118087.1_Coxsackievirus_A10_strain_09-1996-1,_complete_genome
52	2609	 0.456	MN779972.1_MAG:_Torque_teno_midi_virus_isolate_SAfiA-265-37_ORF1_gene,_complete_cds
53	2651	 0.456	MN775739.1_MAG:_Torque_teno_midi_virus_isolate_SAfiA-123-44_ORF1_gene,_complete_cds
54	2815	 0.447	MN777964.1_MAG:_Torque_teno_midi_virus_isolate_SAfiA-87-79_ORF1_gene,_complete_cds
55	151108	 0.444	MH102298.1_Human_alphaherpesvirus_1_strain_HSV-v29_site16_day1,_complete_genome
56	1680	 0.440	MG711706.1_Hepatitis_delta_virus_isolate_K1224,_complete_genome
57	2652	 0.439	MN778552.1_MAG:_Torque_teno_midi_virus_isolate_SAfiA-571-26_ORF1_gene,_complete_cds
58	2733	 0.438	MN775168.1_MAG:_Torque_teno_midi_virus_isolate_SAfiA-572-45_ORF1_gene,_complete_cds
59	2477	 0.419	MN777875.1_MAG:_Torque_teno_midi_virus_isolate_SAfiA-70-60_ORF1_gene,_complete_cds
60	2413	 0.415	MN777818.1_MAG:_Torque_teno_midi_virus_isolate_SAfiA-49-33_ORF1_gene,_complete_cds
61	2652	 0.408	MN775742.1_MAG:_Torque_teno_midi_virus_isolate_SAfiA-265-27_ORF1_gene,_complete_cds
62	2331	 0.399	MN778545.1_MAG:_Torque_teno_midi_virus_isolate_SAfiA-51-56_ORF1_gene,_complete_cds
63	2621	 0.398	MN777432.1_MAG:_Torque_teno_midi_virus_isolate_SAfiA-578-53_ORF1_gene,_complete_cds
64	2679	 0.388	MN778693.1_MAG:_Torque_teno_midi_virus_isolate_SAfiA-335-9_ORF1_gene,_complete_cds
65	1680	 0.380	MG711763.1_Hepatitis_delta_virus_isolate_S5339,_complete_genome
66	2686	 0.375	MN776126.1_MAG:_Torque_teno_midi_virus_isolate_SAfiA-394-19_ORF1_gene,_complete_cds
67	2689	 0.373	MN777159.1_MAG:_Torque_teno_midi_virus_isolate_SAfiA-297-118_ORF1_gene,_complete_cds
68	2647	 0.371	MN778491.1_MAG:_Torque_teno_midi_virus_isolate_SAfiA-275-99_ORF1_gene,_complete_cds
69	2587	 0.370	MN778232.1_MAG:_Torque_teno_midi_virus_isolate_SAfiA-43-18_ORF1_gene,_complete_cds
70	2502	 0.367	MN777750.1_MAG:_Torque_teno_midi_virus_isolate_SAfiA-254-124_ORF1_gene,_complete_cds
71	1680	 0.367	MG711731.1_Hepatitis_delta_virus_isolate_K6904,_complete_genome
72	1683	 0.360	MG711717.1_Hepatitis_delta_virus_isolate_K2885,_complete_genome
73	2599	 0.359	MN780177.1_MAG:_Torque_teno_midi_virus_isolate_SAfiA-254-90_ORF1_gene,_complete_cds
74	2526	 0.357	MN777833.1_MAG:_Torque_teno_midi_virus_isolate_SAfiA-569-102_ORF1_gene,_complete_cds
75	2660	 0.342	MN775137.1_MAG:_Torque_teno_midi_virus_isolate_SAfiA-301-25_ORF1_gene,_complete_cds
76	2665	 0.341	MN780300.1_MAG:_Torque_teno_midi_virus_isolate_SAfiA-611-189_ORF1_gene,_complete_cds
77	2484	 0.341	MN778120.1_MAG:_Torque_teno_midi_virus_isolate_SAfiA-400-20_ORF1_gene,_complete_cds
78	2641	 0.331	MN777598.1_MAG:_Torque_teno_midi_virus_isolate_SAfiA-502-33_ORF1_gene,_complete_cds
79	2641	 0.330	MN776401.1_MAG:_Torque_teno_midi_virus_isolate_SAfiA-352-35_ORF1_gene,_complete_cds
80	2688	 0.328	MN779508.1_MAG:_Torque_teno_midi_virus_isolate_SAfiA-569-69_ORF1_gene,_complete_cds
81	2621	 0.328	MN779380.1_MAG:_Torque_teno_midi_virus_isolate_SAfiA-55-30_ORF1_gene,_complete_cds
82	2717	 0.326	MN775655.1_MAG:_Torque_teno_midi_virus_isolate_SAfiA-484-14_ORF1_gene,_complete_cds
83	2661	 0.326	MN778963.1_MAG:_Torque_teno_midi_virus_isolate_SAfiA-616-34_ORF1_gene,_complete_cds
84	2588	 0.323	MN778713.1_MAG:_Torque_teno_midi_virus_isolate_SAfiA-365-46_ORF1_gene,_complete_cds
85	2766	 0.318	MN779002.1_MAG:_Torque_teno_midi_virus_isolate_SAfiA-590-77_ORF1_gene,_complete_cds
86	2536	 0.318	MN777710.1_MAG:_Torque_teno_midi_virus_isolate_SAfiA-100A-45_ORF1_gene,_complete_cds
87	2714	 0.317	MN777757.1_MAG:_Torque_teno_midi_virus_isolate_SAfiA-277-38_ORF1_gene,_complete_cds
88	1677	 0.313	MG711691.1_Hepatitis_delta_virus_isolate_D9269,_complete_genome
89	2565	 0.313	MN775679.1_MAG:_Torque_teno_midi_virus_isolate_SAfiA-601-19_ORF1_gene,_complete_cds
90	2638	 0.308	MN775180.1_MAG:_Torque_teno_midi_virus_isolate_SAfiA-615-946_ORF1_gene,_complete_cds
91	2622	 0.308	MN779116.1_MAG:_Torque_teno_midi_virus_isolate_SAfiA-241-46_ORF1_gene,_complete_cds
92	2589	 0.307	MN776751.1_MAG:_Torque_teno_midi_virus_isolate_SAfiA-587-256_ORF1_gene,_complete_cds
93	2542	 0.303	MN778899.1_MAG:_Torque_teno_midi_virus_isolate_SAfiA-604-54_ORF1_gene,_complete_cds
94	2614	 0.301	MN778028.1_MAG:_Torque_teno_midi_virus_isolate_SAfiA-512-15_ORF1_gene,_complete_cds
95	2695	 0.301	MN778863.1_MAG:_Torque_teno_midi_virus_isolate_SAfiA-785-119_ORF1_gene,_complete_cds
96	1679	 0.299	MG711672.1_Hepatitis_delta_virus_isolate_D2240,_complete_genome
97	2659	 0.298	MN778731.1_MAG:_Torque_teno_midi_virus_isolate_SAfiA-388-223_ORF1_gene,_complete_cds
98	149643	 0.291	AB618031.1_Herpes_simplex_virus_(type_1_/strain_RH2)_DNA,_nearly_complete_genome
99	2636	 0.291	MN779225.1_MAG:_Torque_teno_midi_virus_isolate_SAfiA-81-45_ORF1_gene,_complete_cds
100	2907	 0.290	MN774998.1_MAG:_Torque_teno_midi_virus_isolate_SAfiA-850-16_ORF1_gene,_complete_cds
101	2597	 0.286	MN779180.1_MAG:_Torque_teno_midi_virus_isolate_SAfiA-517-15_ORF1_gene,_complete_cds
102	7376	 0.285	MH118026.1_Echovirus_E25_strain_10-4339-2,_complete_genome
103	2615	 0.285	MN776849.1_MAG:_Torque_teno_midi_virus_isolate_SAfiA-5A-34_ORF1_gene,_complete_cds
104	2597	 0.282	MN775368.1_MAG:_Torque_teno_midi_virus_isolate_SAfiA-302-23_ORF1_gene,_complete_cds
105	2698	 0.281	MN777838.1_MAG:_Torque_teno_midi_virus_isolate_SAfiA-578-38_ORF1_gene,_complete_cds
106	1682	 0.278	MG711690.1_Hepatitis_delta_virus_isolate_D9236,_complete_genome
107	2653	 0.277	MN779919.1_MAG:_Torque_teno_midi_virus_isolate_SAfiA-267-26_ORF1_gene,_complete_cds
108	2565	 0.277	MN775692.1_MAG:_Torque_teno_midi_virus_isolate_SAfiA-712-7_ORF1_gene,_complete_cds
109	2552	 0.272	MN778370.1_MAG:_Torque_teno_midi_virus_isolate_SAfiA-298-26_ORF1_gene,_complete_cds
110	2640	 0.271	MN777286.1_MAG:_Torque_teno_midi_virus_isolate_SAfiA-272-19_ORF1_gene,_complete_cds
111	2627	 0.267	MN779410.1_MAG:_Torque_teno_midi_virus_isolate_SAfiA-888-15_ORF1_gene,_complete_cds
112	2570	 0.266	MN777713.1_MAG:_Torque_teno_midi_virus_isolate_SAfiA-102-93_ORF1_gene,_complete_cds
113	1668	 0.263	MG711741.1_Hepatitis_delta_virus_isolate_N557,_complete_genome
114	2638	 0.262	MN776711.1_MAG:_Torque_teno_midi_virus_isolate_SAfiA-70-35_ORF1_gene,_complete_cds
115	2546	 0.261	MN775678.1_MAG:_Torque_teno_midi_virus_isolate_SAfiA-594-122_ORF1_gene,_complete_cds
116	2619	 0.261	MN775677.1_MAG:_Torque_teno_midi_virus_isolate_SAfiA-591-22_ORF1_gene,_complete_cds
117	2609	 0.256	MN775952.1_MAG:_Torque_teno_midi_virus_isolate_SAfiA-235-83_ORF1_gene,_complete_cds
118	1681	 0.256	MG711667.1_Hepatitis_delta_virus_isolate_A923,_complete_genome
119	2682	 0.255	MN778183.1_MAG:_Torque_teno_midi_virus_isolate_SAfiA-315-37_ORF1_gene,_complete_cds
120	2657	 0.254	MN778769.1_MAG:_Torque_teno_midi_virus_isolate_SAfiA-500-66_ORF1_gene,_complete_cds
121	2643	 0.252	MN776870.1_MAG:_Torque_teno_midi_virus_isolate_SAfiA-785-127_ORF1_gene,_complete_cds
122	2352	 0.251	MN779179.1_MAG:_Torque_teno_midi_virus_isolate_SAfiA-478-79_ORF1_gene,_complete_cds
123	2601	 0.249	MN779742.1_MAG:_Torque_teno_midi_virus_isolate_SAfiA-626-47_ORF1_gene,_complete_cds
124	2655	 0.241	MN779077.1_MAG:_Torque_teno_midi_virus_isolate_SAfiA-61-27_ORF1_gene,_complete_cds
125	2572	 0.238	MN779682.1_MAG:_Torque_teno_midi_virus_isolate_SAfiA-458A-19_ORF1_gene,_complete_cds
126	2728	 0.235	MN776591.1_MAG:_Torque_teno_midi_virus_isolate_SAfiA-118-12_ORF1_gene,_complete_cds
127	7534	 0.234	MH118084.1_Coxsackievirus_A10_strain_09-3318-1,_complete_genome
128	1679	 0.232	KJ744248.1_Hepatitis_delta_virus_isolate_D49,_complete_genome
129	2607	 0.231	MN777793.1_MAG:_Torque_teno_midi_virus_isolate_SAfiA-369-61_ORF1_gene,_complete_cds
130	2646	 0.231	MN778566.1_MAG:_Torque_teno_midi_virus_isolate_SAfiA-609-32_ORF1_gene,_complete_cds
131	2676	 0.231	MN777332.1_MAG:_Torque_teno_midi_virus_isolate_SAfiA-785-123_ORF1_gene,_complete_cds
132	2773	 0.228	MN776526.1_MAG:_Torque_teno_midi_virus_isolate_SAfiA-361-42_ORF1_gene,_complete_cds
133	2648	 0.224	MN779082.1_MAG:_Torque_teno_midi_virus_isolate_SAfiA-644-24_ORF1_gene,_complete_cds
134	2624	 0.224	MN779167.1_MAG:_Torque_teno_midi_virus_isolate_SAfiA-402-58_ORF1_gene,_complete_cds
135	1684	 0.223	MG711797.1_Hepatitis_delta_virus_isolate_U20635,_complete_genome
136	1672	 0.222	MG711695.1_Hepatitis_delta_virus_isolate_F930,_complete_genome
137	1669	 0.220	MG711790.1_Hepatitis_delta_virus_isolate_SUK243,_complete_genome
138	1679	 0.216	KY861350.1_Hepatitis_delta_virus_isolate_220-01,_complete_genome
139	7525	 0.212	MH118064.1_Coxsackievirus_A10_strain_11-363-2,_complete_genome
140	2642	 0.209	MN777670.1_MAG:_Torque_teno_midi_virus_isolate_SAfiA-667-28_ORF1_gene,_complete_cds
141	3086	 0.205	MN774953.1_MAG:_Torque_teno_midi_virus_isolate_SAfiA-525-8,_complete_genome
142	2636	 0.205	MN778539.1_MAG:_Torque_teno_midi_virus_isolate_SAfiA-454-13_ORF1_gene,_complete_cds
143	2606	 0.203	MN777341.1_MAG:_Torque_teno_midi_virus_isolate_SAfiA-116-55_ORF1_gene,_complete_cds
144	2616	 0.201	MN777948.1_MAG:_Torque_teno_midi_virus_isolate_SAfiA-577-223_ORF1_gene,_complete_cds
145	3291	 0.200	MN765207.1_MAG:_Torque_teno_virus_isolate_SAfiA-388-41_ORF1_gene,_complete_cds
146	1680	 0.200	MZ671232.1_Hepatitis_delta_virus_isolate_Viet_HDV279,_complete_genome
147	2639	 0.200	MN778592.1_MAG:_Torque_teno_midi_virus_isolate_SAfiA-657-47_ORF1_gene,_complete_cds
148	2545	 0.200	MN777741.1_MAG:_Torque_teno_midi_virus_isolate_SAfiA-232-37_ORF1_gene,_complete_cds
149	2988	 0.196	MN779904.1_MAG:_Torque_teno_midi_virus_isolate_SAfiA-706-4_ORF1_gene,_complete_cds
150	2650	 0.196	MN778873.1_MAG:_Torque_teno_midi_virus_isolate_SAfiA-82-7_ORF1_gene,_complete_cds
151	2516	 0.195	MN776533.1_MAG:_Torque_teno_midi_virus_isolate_SAfiA-403-23_ORF1_gene,_complete_cds
152	1680	 0.192	KF660599.1_Hepatitis_delta_virus_isolate_C06,_complete_genome
153	2721	 0.192	MN775698.1_MAG:_Torque_teno_midi_virus_isolate_SAfiA-861-189_ORF1_gene,_complete_cds
154	2628	 0.191	MN775559.1_MAG:_Torque_teno_midi_virus_isolate_SAfiA-615-958_ORF1_gene,_complete_cds
155	3181	 0.191	MZ286177.1_Anelloviridae_sp._isolate_SP49_C2,_complete_genome
156	3109	 0.191	MN775001.1_MAG:_Torque_teno_midi_virus_isolate_SAfiA-239-4_ORF1_gene,_complete_cds
157	7517	 0.188	MH118060.1_Coxsackievirus_A10_strain_11-691-1,_complete_genome
158	3019	 0.188	MN774945.1_MAG:_Torque_teno_midi_virus_isolate_SAfiA-116-48,_complete_genome
159	2764	 0.187	MN775117.1_MAG:_Torque_teno_midi_virus_isolate_SAfiA-107-33_ORF1_gene,_complete_cds
160	7546	 0.187	MH118077.1_Coxsackievirus_A10_strain_10-3432-2,_complete_genome
161	2625	 0.186	MN776402.1_MAG:_Torque_teno_midi_virus_isolate_SAfiA-353-91_ORF1_gene,_complete_cds
162	2636	 0.186	MN778597.1_MAG:_Torque_teno_midi_virus_isolate_SAfiA-680-13_ORF1_gene,_complete_cds
163	1685	 0.184	MG711774.1_Hepatitis_delta_virus_isolate_S993,_complete_genome
164	2598	 0.184	MN777389.1_MAG:_Torque_teno_midi_virus_isolate_SAfiA-365-45_ORF1_gene,_complete_cds
165	2731	 0.183	MN778681.1_MAG:_Torque_teno_midi_virus_isolate_SAfiA-319-32_ORF1_gene,_complete_cds
166	2550	 0.182	MN775651.1_MAG:_Torque_teno_midi_virus_isolate_SAfiA-459-4_ORF1_gene,_complete_cds
167	2648	 0.181	MN775525.1_MAG:_Torque_teno_midi_virus_isolate_SAfiA-388-229_ORF1_gene,_complete_cds
168	1681	 0.179	MG711764.1_Hepatitis_delta_virus_isolate_S5404,_complete_genome
169	2676	 0.179	MN778816.1_MAG:_Torque_teno_midi_virus_isolate_SAfiA-616-32_ORF1_gene,_complete_cds
170	2557	 0.179	MN779156.1_MAG:_Torque_teno_midi_virus_isolate_SAfiA-365-52_ORF1_gene,_complete_cds
171	2673	 0.176	MN778166.1_MAG:_Torque_teno_midi_virus_isolate_SAfiA-234-20_ORF1_gene,_complete_cds
172	2549	 0.176	MN777742.1_MAG:_Torque_teno_midi_virus_isolate_SAfiA-233-43_ORF1_gene,_complete_cds
173	2640	 0.174	MN778611.1_MAG:_Torque_teno_midi_virus_isolate_SAfiA-867-375_ORF1_gene,_complete_cds
174	3454	 0.173	MN768369.1_MAG:_Torque_teno_virus_isolate_SAfiA-386-3_ORF1_gene,_complete_cds
175	2546	 0.172	MN777732.1_MAG:_Torque_teno_midi_virus_isolate_SAfiA-123-60_ORF1_gene,_complete_cds
176	2516	 0.172	MN775654.1_MAG:_Torque_teno_midi_virus_isolate_SAfiA-480-10_ORF1_gene,_complete_cds
177	2642	 0.168	MN775201.1_MAG:_Torque_teno_midi_virus_isolate_SAfiA-122-31_ORF1_gene,_complete_cds
178	2785	 0.167	MN778689.1_MAG:_Torque_teno_midi_virus_isolate_SAfiA-334-20_ORF1_gene,_complete_cds
179	1666	 0.165	MG711791.1_Hepatitis_delta_virus_isolate_SUK74,_complete_genome
180	2989	 0.160	MN778838.1_MAG:_Torque_teno_midi_virus_isolate_SAfiA-676-37_ORF1_gene,_complete_cds
181	2580	 0.160	MN778768.1_MAG:_Torque_teno_midi_virus_isolate_SAfiA-488-19_ORF1_gene,_complete_cds
182	2626	 0.160	MN777949.1_MAG:_Torque_teno_midi_virus_isolate_SAfiA-581-73_ORF1_gene,_complete_cds
183	2493	 0.160	MN776220.1_MAG:_Torque_teno_midi_virus_isolate_SAfiA-5A-49_ORF1_gene,_complete_cds
184	3065	 0.158	MN776459.1_MAG:_Torque_teno_midi_virus_isolate_SAfiA-52-2_ORF1_gene,_complete_cds
185	2793	 0.158	MN775757.1_MAG:_Torque_teno_midi_virus_isolate_SAfiA-512-10_ORF1_gene,_complete_cds
186	1682	 0.157	MH457144.1_Hepatitis_delta_virus_isolate_E08-42059,_complete_genome
187	3031	 0.157	MN780419.1_MAG:_Torque_teno_midi_virus_isolate_SAfiA-606-0_ORF1_gene,_complete_cds
188	1679	 0.155	KJ744256.1_Hepatitis_delta_virus_isolate_D69,_complete_genome
189	2666	 0.155	MN776412.1_MAG:_Torque_teno_midi_virus_isolate_SAfiA-611-224_ORF1_gene,_complete_cds
190	2691	 0.153	MN776957.1_MAG:_Torque_teno_midi_virus_isolate_SAfiA-311-11_ORF1_gene,_complete_cds
191	3539	 0.153	MN766743.1_MAG:_Torque_teno_virus_isolate_SAfiA-860-5_ORF1_gene,_complete_cds
192	2614	 0.152	MN778473.1_MAG:_Torque_teno_midi_virus_isolate_SAfiA-11-61_ORF1_gene,_complete_cds
193	1681	 0.152	MG711752.1_Hepatitis_delta_virus_isolate_S3327,_complete_genome
194	2691	 0.151	MN779610.1_MAG:_Torque_teno_midi_virus_isolate_SAfiA-248-14_ORF1_gene,_complete_cds
195	2531	 0.151	MN777789.1_MAG:_Torque_teno_midi_virus_isolate_SAfiA-367-74_ORF1_gene,_complete_cds
196	3010	 0.151	MN774946.1_MAG:_Torque_teno_midi_virus_isolate_SAfiA-782-16,_complete_genome
197	1670	 0.150	MN984440.1_Hepatitis_delta_virus_isolate_HDV_Kyr4,_complete_genome
198	2644	 0.150	MN777861.1_MAG:_Torque_teno_midi_virus_isolate_SAfiA-622-13_ORF1_gene,_complete_cds
199	2624	 0.149	MN778469.1_MAG:_Torque_teno_midi_virus_isolate_SAfiA-107-43_ORF1_gene,_complete_cds
200	1682	 0.149	MN984415.1_Hepatitis_delta_virus_isolate_HDV_Kyr675,_complete_genome
201	1678	 0.146	MN984466.1_Hepatitis_delta_virus_isolate_HDV_Kyr39,_complete_genome
202	2707	 0.146	MN776450.1_MAG:_Torque_teno_midi_virus_isolate_SAfiA-388-173_ORF1_gene,_complete_cds
203	1680	 0.145	MG711698.1_Hepatitis_delta_virus_isolate_J2001,_complete_genome
204	1673	 0.143	MN984469.1_Hepatitis_delta_virus_isolate_HDV_Kyr42,_complete_genome
205	2538	 0.143	MN775807.1_MAG:_Torque_teno_midi_virus_isolate_SAfiA-522-16_ORF1_gene,_complete_cds
206	2738	 0.143	MN778741.1_MAG:_Torque_teno_midi_virus_isolate_SAfiA-414-29_ORF1_gene,_complete_cds
207	2617	 0.143	MN778380.1_MAG:_Torque_teno_midi_virus_isolate_SAfiA-325-38_ORF1_gene,_complete_cds
208	3081	 0.143	MN780420.1_MAG:_Torque_teno_midi_virus_isolate_SAfiA-244-4_ORF1_gene,_complete_cds
209	2623	 0.142	MN779383.1_MAG:_Torque_teno_midi_virus_isolate_SAfiA-573-61_ORF1_gene,_complete_cds
210	2621	 0.141	MN779098.1_MAG:_Torque_teno_midi_virus_isolate_SAfiA-123-46_ORF1_gene,_complete_cds
211	1679	 0.141	MN984452.1_Hepatitis_delta_virus_isolate_HDV_Kyr16,_complete_genome
212	2571	 0.141	MN778801.1_MAG:_Torque_teno_midi_virus_isolate_SAfiA-593-54_ORF1_gene,_complete_cds
213	2670	 0.140	MN778845.1_MAG:_Torque_teno_midi_virus_isolate_SAfiA-704-14_ORF1_gene,_complete_cds
214	2635	 0.137	MN776466.1_MAG:_Torque_teno_midi_virus_isolate_SAfiA-587-204_ORF1_gene,_complete_cds
215	2646	 0.137	MN776203.1_MAG:_Torque_teno_midi_virus_isolate_SAfiA-541-29_ORF1_gene,_complete_cds
216	2581	 0.136	MN779053.1_MAG:_Torque_teno_midi_virus_isolate_SAfiA-119-22_ORF1_gene,_complete_cds
217	2550	 0.136	MN779269.1_MAG:_Torque_teno_midi_virus_isolate_SAfiA-442-49_ORF1_gene,_complete_cds
218	3713	 0.135	MN768563.1_MAG:_Torque_teno_virus_isolate_SAfiA-274-0,_complete_genome
219	2644	 0.133	MN775151.1_MAG:_Torque_teno_midi_virus_isolate_SAfiA-367-52_ORF1_gene,_complete_cds
220	3059	 0.130	MN775000.1_MAG:_Torque_teno_midi_virus_isolate_SAfiA-242-14_ORF1_gene,_complete_cds
221	2522	 0.128	MN776728.1_MAG:_Torque_teno_midi_virus_isolate_SAfiA-122-40_ORF1_gene,_complete_cds
222	1675	 0.127	MG711789.1_Hepatitis_delta_virus_isolate_SUE876A,_complete_genome
223	2678	 0.127	MN778089.1_MAG:_Torque_teno_midi_virus_isolate_SAfiA-577-197_ORF1_gene,_complete_cds
224	2637	 0.126	MN778617.1_MAG:_Torque_teno_midi_virus_isolate_SAfiA-87-83_ORF1_gene,_complete_cds
225	1675	 0.126	KJ744226.1_Hepatitis_delta_virus_isolate_D9-B,_complete_genome
226	2641	 0.125	MN779592.1_MAG:_Torque_teno_midi_virus_isolate_SAfiA-780-14_ORF1_gene,_complete_cds
227	2539	 0.125	MN778219.1_MAG:_Torque_teno_midi_virus_isolate_SAfiA-380-182_ORF1_gene,_complete_cds
228	2607	 0.123	MN779970.1_MAG:_Torque_teno_midi_virus_isolate_SAfiA-130-29_ORF1_gene,_complete_cds
229	2603	 0.123	MN775135.1_MAG:_Torque_teno_midi_virus_isolate_SAfiA-275-104_ORF1_gene,_complete_cds
230	2900	 0.122	MN776564.1_MAG:_Torque_teno_midi_virus_isolate_SAfiA-633-50_ORF1_gene,_complete_cds
231	2581	 0.121	MN775794.1_MAG:_Torque_teno_midi_virus_isolate_SAfiA-263-43_ORF1_gene,_complete_cds
232	2730	 0.119	MN778855.1_MAG:_Torque_teno_midi_virus_isolate_SAfiA-74-10_ORF1_gene,_complete_cds
233	1679	 0.118	MZ671229.1_Hepatitis_delta_virus_isolate_Viet_HDV48,_complete_genome
234	2501	 0.116	MZ286069.1_Anelloviridae_sp._isolate_SP25_C4,_complete_genome
235	2540	 0.115	MN778585.1_MAG:_Torque_teno_midi_virus_isolate_SAfiA-649-24_ORF1_gene,_complete_cds
236	2654	 0.115	MN778481.1_MAG:_Torque_teno_midi_virus_isolate_SAfiA-131-18_ORF1_gene,_complete_cds
237	2656	 0.113	MN778682.1_MAG:_Torque_teno_midi_virus_isolate_SAfiA-319-35_ORF1_gene,_complete_cds
238	2598	 0.112	MN777382.1_MAG:_Torque_teno_midi_virus_isolate_SAfiA-353-100_ORF1_gene,_complete_cds
239	1679	 0.112	MN984450.1_Hepatitis_delta_virus_isolate_HDV_Kyr14,_complete_genome
240	1673	 0.111	MG711680.1_Hepatitis_delta_virus_isolate_D4068,_complete_genome
241	2662	 0.111	MN778688.1_MAG:_Torque_teno_midi_virus_isolate_SAfiA-33-33_ORF1_gene,_complete_cds
242	2637	 0.110	MN778940.1_MAG:_Torque_teno_midi_virus_isolate_SAfiA-241-44_ORF1_gene,_complete_cds
243	2592	 0.109	MN778615.1_MAG:_Torque_teno_midi_virus_isolate_SAfiA-869-4_ORF1_gene,_complete_cds
244	3001	 0.109	MN780388.1_MAG:_Torque_teno_midi_virus_isolate_SAfiA-832-1_ORF1_gene,_complete_cds
245	3220	 0.108	MN774941.1_MAG:_Torque_teno_midi_virus_isolate_SAfiA-364-0,_complete_genome
246	2665	 0.108	MN778669.1_MAG:_Torque_teno_midi_virus_isolate_SAfiA-297-123_ORF1_gene,_complete_cds
247	3627	 0.108	MN768419.1_MAG:_Torque_teno_virus_isolate_SAfiA-535-1_ORF1_gene,_complete_cds
248	2604	 0.108	MN776162.1_MAG:_Torque_teno_midi_virus_isolate_SAfiA-270-25_ORF1_gene,_complete_cds
249	2631	 0.107	MN775716.1_MAG:_Torque_teno_midi_virus_isolate_SAfiA-453-20_ORF1_gene,_complete_cds
250	2681	 0.107	MN775773.1_MAG:_Torque_teno_midi_virus_isolate_SAfiA-33-26_ORF1_gene,_complete_cds
251	7528	 0.105	MH118038.1_Coxsackievirus_A10_strain_17-1537-1,_complete_genome
252	1672	 0.105	MG711786.1_Hepatitis_delta_virus_isolate_SUE586D,_complete_genome
253	2748	 0.104	MN777676.1_MAG:_Torque_teno_midi_virus_isolate_SAfiA-711-4_ORF1_gene,_complete_cds
254	3132	 0.104	MN776163.1_MAG:_Torque_teno_midi_virus_isolate_SAfiA-301-5_ORF1_gene,_complete_cds
255	2767	 0.103	MN775392.1_MAG:_Torque_teno_midi_virus_isolate_SAfiA-779-45_ORF1_gene,_complete_cds
256	1680	 0.103	MZ671233.1_Hepatitis_delta_virus_isolate_Viet_HDV252,_complete_genome
257	2991	 0.102	MN774980.1_MAG:_Torque_teno_midi_virus_isolate_SAfiA-429-7,_complete_genome
258	2575	 0.101	MN779968.1_MAG:_Torque_teno_midi_virus_isolate_SAfiA-123-56_ORF1_gene,_complete_cds
259	2764	 0.100	MN776484.1_MAG:_Torque_teno_midi_virus_isolate_SAfiA-721-31_ORF1_gene,_complete_cds
260	2861	 0.100	MN774983.1_MAG:_Torque_teno_midi_virus_isolate_SAfiA-426-3,_complete_genome
261	9413	 0.100	EU155310.2_Hepatitis_C_virus_subtype_1a_isolate_HCV-1a/US/BID-V357/2004,_complete_genome
262	2718	 0.100	MN779579.1_MAG:_Torque_teno_midi_virus_isolate_SAfiA-874-63_ORF1_gene,_complete_cds
263	2972	 0.099	MN775659.1_MAG:_Torque_teno_midi_virus_isolate_SAfiA-499-2_ORF1_gene,_complete_cds
264	1679	 0.099	KY861353.1_Hepatitis_delta_virus_isolate_886-24,_complete_genome
265	2636	 0.098	MN776195.1_MAG:_Torque_teno_midi_virus_isolate_SAfiA-475-28_ORF1_gene,_complete_cds
266	2738	 0.093	MN778010.1_MAG:_Torque_teno_midi_virus_isolate_SAfiA-380-97_ORF1_gene,_complete_cds
267	2595	 0.093	MN777731.1_MAG:_Torque_teno_midi_virus_isolate_SAfiA-123-52_ORF1_gene,_complete_cds
268	2644	 0.093	MN777303.1_MAG:_Torque_teno_midi_virus_isolate_SAfiA-676-40_ORF1_gene,_complete_cds
269	2524	 0.092	MN777586.1_MAG:_Torque_teno_midi_virus_isolate_SAfiA-4-49_ORF1_gene,_complete_cds
270	3035	 0.092	MN768463.1_MAG:_Torque_teno_virus_isolate_SAfiA-651-14_ORF1_gene,_complete_cds
271	3744	 0.092	MN767193.1_MAG:_Torque_teno_virus_isolate_SAfiA-822-2_ORF1_gene,_complete_cds
272	2757	 0.092	MN780108.1_MAG:_Torque_teno_midi_virus_isolate_SAfiA-628-42_ORF1_gene,_complete_cds
273	2653	 0.092	MN778670.1_MAG:_Torque_teno_midi_virus_isolate_SAfiA-297-126_ORF1_gene,_complete_cds
274	1688	 0.091	MG711671.1_Hepatitis_delta_virus_isolate_D2198,_complete_genome
275	2637	 0.089	MN778532.1_MAG:_Torque_teno_midi_virus_isolate_SAfiA-423-12_ORF1_gene,_complete_cds
276	2656	 0.087	MN778703.1_MAG:_Torque_teno_midi_virus_isolate_SAfiA-346-78_ORF1_gene,_complete_cds
277	2583	 0.087	MN779589.1_MAG:_Torque_teno_midi_virus_isolate_SAfiA-686-24_ORF1_gene,_complete_cds
278	3509	 0.087	MN765450.1_MAG:_Torque_teno_virus_isolate_SAfiA-514-2_ORF1_gene,_complete_cds
279	2628	 0.087	MN776630.1_MAG:_Torque_teno_midi_virus_isolate_SAfiA-353-88_ORF1_gene,_complete_cds
280	2676	 0.086	MN778500.1_MAG:_Torque_teno_midi_virus_isolate_SAfiA-332-20_ORF1_gene,_complete_cds
281	2628	 0.086	MN778590.1_MAG:_Torque_teno_midi_virus_isolate_SAfiA-652-14_ORF1_gene,_complete_cds
282	2617	 0.084	MN780107.1_MAG:_Torque_teno_midi_virus_isolate_SAfiA-611-253_ORF1_gene,_complete_cds
283	2648	 0.084	MN778606.1_MAG:_Torque_teno_midi_virus_isolate_SAfiA-782-19_ORF1_gene,_complete_cds
284	3690	 0.083	MZ286093.1_Anelloviridae_sp._isolate_SP31_C2,_complete_genome
285	2775	 0.083	MN775355.1_MAG:_Torque_teno_midi_virus_isolate_SAfiA-747-0_ORF1_gene,_complete_cds
286	2659	 0.083	MN777960.1_MAG:_Torque_teno_midi_virus_isolate_SAfiA-786-20_ORF1_gene,_complete_cds
287	2633	 0.083	MN779787.1_MAG:_Torque_teno_midi_virus_isolate_SAfiA-842-16_ORF1_gene,_complete_cds
288	3301	 0.081	MN766974.1_MAG:_Torque_teno_virus_isolate_SAfiA-31-23_ORF1_gene,_complete_cds
289	1669	 0.080	MG711679.1_Hepatitis_delta_virus_isolate_D4039,_complete_genome
290	2833	 0.080	MN778092.1_MAG:_Torque_teno_midi_virus_isolate_SAfiA-616-15_ORF1_gene,_complete_cds
291	3054	 0.080	MN776487.1_MAG:_Torque_teno_midi_virus_isolate_SAfiA-815-20_ORF1_gene,_complete_cds
292	3420	 0.079	MN768209.1_MAG:_Torque_teno_virus_isolate_SAfiA-555-4_ORF1_gene,_complete_cds
293	2972	 0.079	MN780400.1_MAG:_Torque_teno_midi_virus_isolate_SAfiA-431-1_ORF1_gene,_complete_cds
294	2608	 0.078	MN777914.1_MAG:_Torque_teno_midi_virus_isolate_SAfiA-587-231_ORF1_gene,_complete_cds
295	2853	 0.078	MN775360.1_MAG:_Torque_teno_midi_virus_isolate_SAfiA-122-10_ORF1_gene,_complete_cds
296	2600	 0.078	MN775638.1_MAG:_Torque_teno_midi_virus_isolate_SAfiA-346-100_ORF1_gene,_complete_cds
297	2639	 0.077	MN780042.1_MAG:_Torque_teno_midi_virus_isolate_SAfiA-500-72_ORF1_gene,_complete_cds
298	3681	 0.076	MN768285.1_MAG:_Torque_teno_virus_isolate_SAfiA-106A-2_ORF1_gene,_complete_cds
299	3605	 0.076	MN768486.1_MAG:_Torque_teno_virus_isolate_SAfiA-731-2_ORF1_gene,_complete_cds
300	7511	 0.075	MH118041.1_Coxsackievirus_A10_strain_16-2871-1,_complete_genome
301	3170	 0.074	MN768363.1_MAG:_Torque_teno_virus_isolate_SAfiA-380-10_ORF1_gene,_complete_cds
302	1674	 0.074	MN984446.1_Hepatitis_delta_virus_isolate_HDV_Kyr10,_complete_genome
303	2637	 0.073	MN779515.1_MAG:_Torque_teno_midi_virus_isolate_SAfiA-621-12_ORF1_gene,_complete_cds
304	1682	 0.073	MW556198.1_Hepatitis_delta_virus_isolate_Nsk-71189,_complete_genome
305	3830	 0.072	MN765933.1_MAG:_Torque_teno_virus_isolate_SAfiA-652-0_ORF1_gene,_complete_cds
306	2624	 0.070	MN779467.1_MAG:_Torque_teno_midi_virus_isolate_SAfiA-865-164_ORF1_gene,_complete_cds
307	2717	 0.070	MN779525.1_MAG:_Torque_teno_midi_virus_isolate_SAfiA-11-45_ORF1_gene,_complete_cds
308	2613	 0.070	MN779209.1_MAG:_Torque_teno_midi_virus_isolate_SAfiA-61-35_ORF1_gene,_complete_cds
309	3446	 0.070	MN768480.1_MAG:_Torque_teno_virus_isolate_SAfiA-71-1_ORF1_gene,_complete_cds
310	2595	 0.069	MN779199.1_MAG:_Torque_teno_midi_virus_isolate_SAfiA-587-250_ORF1_gene,_complete_cds
311	3476	 0.069	MN768291.1_MAG:_Torque_teno_virus_isolate_SAfiA-113-3_ORF1_gene,_complete_cds
312	1681	 0.069	MG711725.1_Hepatitis_delta_virus_isolate_K6275,_complete_genome
313	1682	 0.068	KJ744230.1_Hepatitis_delta_virus_isolate_D15,_complete_genome
314	2714	 0.068	MN775353.1_MAG:_Torque_teno_midi_virus_isolate_SAfiA-590-172_ORF1_gene,_complete_cds
315	2600	 0.067	MN776504.1_MAG:_Torque_teno_midi_virus_isolate_SAfiA-235-89_ORF1_gene,_complete_cds
316	2539	 0.066	MN777862.1_MAG:_Torque_teno_midi_virus_isolate_SAfiA-628-102_ORF1_gene,_complete_cds
317	2608	 0.065	MN779497.1_MAG:_Torque_teno_midi_virus_isolate_SAfiA-380-147_ORF1_gene,_complete_cds
318	3637	 0.064	MN768415.1_MAG:_Torque_teno_virus_isolate_SAfiA-523-1_ORF1_gene,_complete_cds
319	2514	 0.064	MN779580.1_MAG:_Torque_teno_midi_virus_isolate_SAfiA-123-64_ORF1_gene,_complete_cds
320	7506	 0.062	MH118090.1_Coxsackievirus_A10_strain_09-1677-1,_complete_genome
321	2723	 0.062	MN779846.1_MAG:_Torque_teno_midi_virus_isolate_SAfiA-505-1_ORF1_gene,_complete_cds
322	1680	 0.062	KJ744233.1_Hepatitis_delta_virus_isolate_D21,_complete_genome
323	2624	 0.062	MN779347.1_MAG:_Torque_teno_midi_virus_isolate_SAfiA-242-71_ORF1_gene,_complete_cds
324	2663	 0.062	MN778672.1_MAG:_Torque_teno_midi_virus_isolate_SAfiA-302-20_ORF1_gene,_complete_cds
325	2664	 0.062	MN778813.1_MAG:_Torque_teno_midi_virus_isolate_SAfiA-61-24_ORF1_gene,_complete_cds
326	1686	 0.062	MG711780.1_Hepatitis_delta_virus_isolate_SUE22D,_complete_genome
327	2769	 0.061	MN778877.1_MAG:_Torque_teno_midi_virus_isolate_SAfiA-861-174_ORF1_gene,_complete_cds
328	3597	 0.061	MN768498.1_MAG:_Torque_teno_virus_isolate_SAfiA-792-172_ORF1_gene,_complete_cds
329	3423	 0.061	MN768321.1_MAG:_Torque_teno_virus_isolate_SAfiA-265-3_ORF1_gene,_complete_cds
330	2809	 0.061	MN780464.1_MAG:_Torque_teno_midi_virus_isolate_SAfiA-659-19_ORF1_gene,_complete_cds
331	2636	 0.061	MN776609.1_MAG:_Torque_teno_midi_virus_isolate_SAfiA-272-20_ORF1_gene,_complete_cds
332	2613	 0.060	MN778405.1_MAG:_Torque_teno_midi_virus_isolate_SAfiA-414-44_ORF1_gene,_complete_cds
333	3605	 0.060	MN768404.1_MAG:_Torque_teno_virus_isolate_SAfiA-482-0_ORF1_gene,_complete_cds
334	2668	 0.060	MN778817.1_MAG:_Torque_teno_midi_virus_isolate_SAfiA-616-35_ORF1_gene,_complete_cds
335	2609	 0.060	MN777998.1_MAG:_Torque_teno_midi_virus_isolate_SAfiA-346-98_ORF1_gene,_complete_cds
336	2648	 0.060	MN775631.1_MAG:_Torque_teno_midi_virus_isolate_SAfiA-269-13_ORF1_gene,_complete_cds
337	2608	 0.059	MN777845.1_MAG:_Torque_teno_midi_virus_isolate_SAfiA-589-40_ORF1_gene,_complete_cds
338	2671	 0.059	MN778892.1_MAG:_Torque_teno_midi_virus_isolate_SAfiA-94-49_ORF1_gene,_complete_cds
339	2780	 0.059	MN778746.1_MAG:_Torque_teno_midi_virus_isolate_SAfiA-429-15_ORF1_gene,_complete_cds
340	2639	 0.058	MN778060.1_MAG:_Torque_teno_midi_virus_isolate_SAfiA-640-30_ORF1_gene,_complete_cds
341	2993	 0.058	MN776993.1_MAG:_Torque_teno_midi_virus_isolate_SAfiA-278-6_ORF1_gene,_complete_cds
342	1677	 0.057	KJ744232.1_Hepatitis_delta_virus_isolate_D18,_complete_genome
343	1678	 0.056	KM110793.1_Hepatitis_delta_virus_isolate_Bobak115,_complete_genome
344	2556	 0.053	MN775788.1_MAG:_Torque_teno_midi_virus_isolate_SAfiA-10-33_ORF1_gene,_complete_cds
345	1669	 0.053	MG711804.1_Hepatitis_delta_virus_isolate_V190,_complete_genome
346	2706	 0.052	MN776410.1_MAG:_Torque_teno_midi_virus_isolate_SAfiA-541-26_ORF1_gene,_complete_cds
347	1680	 0.052	MG711775.1_Hepatitis_delta_virus_isolate_S996,_complete_genome
348	3918	 0.052	MZ286022.1_Anelloviridae_sp._isolate_SP16_C2,_complete_genome
349	2614	 0.051	MN780144.1_MAG:_Torque_teno_midi_virus_isolate_SAfiA-70-40_ORF1_gene,_complete_cds
350	2581	 0.051	MN777716.1_MAG:_Torque_teno_midi_virus_isolate_SAfiA-108-37_ORF1_gene,_complete_cds
351	3226	 0.050	MZ286159.1_Anelloviridae_sp._isolate_SP47_C4,_complete_genome
352	2646	 0.050	MN778734.1_MAG:_Torque_teno_midi_virus_isolate_SAfiA-39-18_ORF1_gene,_complete_cds
353	2656	 0.050	MN779950.1_MAG:_Torque_teno_midi_virus_isolate_SAfiA-611-225_ORF1_gene,_complete_cds
354	1678	 0.049	MN401236.1_Hepatitis_delta_virus_strain_HDV4,_complete_genome
355	2650	 0.049	MN778268.1_MAG:_Torque_teno_midi_virus_isolate_SAfiA-587-196_ORF1_gene,_complete_cds
356	3575	 0.049	MN768465.1_MAG:_Torque_teno_virus_isolate_SAfiA-653-1_ORF1_gene,_complete_cds
357	1683	 0.049	MG711753.1_Hepatitis_delta_virus_isolate_S3446,_complete_genome
358	2721	 0.048	MN777729.1_MAG:_Torque_teno_midi_virus_isolate_SAfiA-123-35_ORF1_gene,_complete_cds
359	3630	 0.048	MN768516.1_MAG:_Torque_teno_virus_isolate_SAfiA-866-297_ORF1_gene,_complete_cds
360	2642	 0.048	MN776183.1_MAG:_Torque_teno_midi_virus_isolate_SAfiA-365-40_ORF1_gene,_complete_cds
361	2663	 0.046	MN778740.1_MAG:_Torque_teno_midi_virus_isolate_SAfiA-413-10_ORF1_gene,_complete_cds
362	2674	 0.045	MN778664.1_MAG:_Torque_teno_midi_virus_isolate_SAfiA-274-41_ORF1_gene,_complete_cds
363	2671	 0.045	MN778772.1_MAG:_Torque_teno_midi_virus_isolate_SAfiA-514-42_ORF1_gene,_complete_cds
364	2557	 0.044	MN778004.1_MAG:_Torque_teno_midi_virus_isolate_SAfiA-365-51_ORF1_gene,_complete_cds
365	1676	 0.044	MN984423.1_Hepatitis_delta_virus_isolate_HDV_Kyr605,_complete_genome
366	2758	 0.043	MN780104.1_MAG:_Torque_teno_midi_virus_isolate_SAfiA-570-9_ORF1_gene,_complete_cds
367	2747	 0.043	MN778781.1_MAG:_Torque_teno_midi_virus_isolate_SAfiA-55-20_ORF1_gene,_complete_cds
368	3660	 0.042	MN768400.1_MAG:_Torque_teno_virus_isolate_SAfiA-476-0_ORF1_gene,_complete_cds
369	3619	 0.041	MN768411.1_MAG:_Torque_teno_virus_isolate_SAfiA-503-0_ORF1_gene,_complete_cds
370	2733	 0.041	MN778462.1_MAG:_Torque_teno_midi_virus_isolate_SAfiA-888-14_ORF1_gene,_complete_cds
371	1670	 0.039	MG711687.1_Hepatitis_delta_virus_isolate_D8574,_complete_genome
372	2627	 0.038	MN778582.1_MAG:_Torque_teno_midi_virus_isolate_SAfiA-642-59_ORF1_gene,_complete_cds
373	3335	 0.038	MN766772.1_MAG:_Torque_teno_virus_isolate_SAfiA-274-9_ORF1_gene,_complete_cds
374	2535	 0.038	MN778900.1_MAG:_Torque_teno_midi_virus_isolate_SAfiA-61-47_ORF1_gene,_complete_cds
375	2712	 0.038	MN778844.1_MAG:_Torque_teno_midi_virus_isolate_SAfiA-700-7_ORF1_gene,_complete_cds
376	3046	 0.037	MN778884.1_MAG:_Torque_teno_midi_virus_isolate_SAfiA-878-1_ORF1_gene,_complete_cds
377	2921	 0.037	MZ286172.1_Anelloviridae_sp._isolate_SP48_C5,_complete_genome
378	3605	 0.037	MN768393.1_MAG:_Torque_teno_virus_isolate_SAfiA-455-3_ORF1_gene,_complete_cds
379	3009	 0.036	MN778878.1_MAG:_Torque_teno_midi_virus_isolate_SAfiA-862-8_ORF1_gene,_complete_cds
380	2619	 0.036	MN778132.1_MAG:_Torque_teno_midi_virus_isolate_SAfiA-569-84_ORF1_gene,_complete_cds
381	2661	 0.035	MN775824.1_MAG:_Torque_teno_midi_virus_isolate_SAfiA-98-24_ORF1_gene,_complete_cds
382	1674	 0.034	MG711732.1_Hepatitis_delta_virus_isolate_K6936,_complete_genome
383	2637	 0.033	MN776400.1_MAG:_Torque_teno_midi_virus_isolate_SAfiA-349-72_ORF1_gene,_complete_cds
384	2626	 0.033	MN775765.1_MAG:_Torque_teno_midi_virus_isolate_SAfiA-640-32_ORF1_gene,_complete_cds
385	2746	 0.033	MN775047.1_MAG:_Torque_teno_midi_virus_isolate_SAfiA-658-18_ORF1_gene,_complete_cds
386	2712	 0.030	MN776440.1_MAG:_Torque_teno_midi_virus_isolate_SAfiA-325-31_ORF1_gene,_complete_cds
387	3480	 0.029	MN768350.1_MAG:_Torque_teno_virus_isolate_SAfiA-352-4_ORF1_gene,_complete_cds
388	2659	 0.028	MN778381.1_MAG:_Torque_teno_midi_virus_isolate_SAfiA-33-34_ORF1_gene,_complete_cds
389	1682	 0.028	MH457151.1_Hepatitis_delta_virus_isolate_I01,_complete_genome
390	1670	 0.028	MG711781.1_Hepatitis_delta_virus_isolate_SUE238,_complete_genome
391	1682	 0.027	MG711734.1_Hepatitis_delta_virus_isolate_K7554,_complete_genome
392	1682	 0.027	MG711688.1_Hepatitis_delta_virus_isolate_D8929,_complete_genome
393	2953	 0.027	MN774993.1_MAG:_Torque_teno_midi_virus_isolate_SAfiA-250-10_ORF1_gene,_complete_cds
394	2637	 0.026	MN780024.1_MAG:_Torque_teno_midi_virus_isolate_SAfiA-342-29_ORF1_gene,_complete_cds
395	2623	 0.026	MN778350.1_MAG:_Torque_teno_midi_virus_isolate_SAfiA-111-10_ORF1_gene,_complete_cds
396	7455	 0.026	MH118061.1_Coxsackievirus_A10_strain_11-670-1,_complete_genome
397	2830	 0.026	MN778031.1_MAG:_Torque_teno_midi_virus_isolate_SAfiA-556-5_ORF1_gene,_complete_cds
398	2659	 0.025	MN778164.1_MAG:_Torque_teno_midi_virus_isolate_SAfiA-231-19_ORF1_gene,_complete_cds
399	1648	 0.025	MG711689.1_Hepatitis_delta_virus_isolate_D9180,_complete_genome
400	1679	 0.024	HQ005371.1_Hepatitis_delta_virus_isolate_2,_complete_genome
401	2598	 0.024	MN779354.1_MAG:_Torque_teno_midi_virus_isolate_SAfiA-319-51_ORF1_gene,_complete_cds
402	3033	 0.023	MN774984.1_MAG:_Torque_teno_midi_virus_isolate_SAfiA-459-2,_complete_genome
403	7467	 0.023	MH118076.1_Coxsackievirus_A10_strain_10-3445-2,_complete_genome
404	3616	 0.023	MN768406.1_MAG:_Torque_teno_virus_isolate_SAfiA-494-0_ORF1_gene,_complete_cds
405	2552	 0.022	MN778364.1_MAG:_Torque_teno_midi_virus_isolate_SAfiA-250-27_ORF1_gene,_complete_cds
406	2629	 0.021	MN779191.1_MAG:_Torque_teno_midi_virus_isolate_SAfiA-566-40_ORF1_gene,_complete_cds
407	2630	 0.020	MN778427.1_MAG:_Torque_teno_midi_virus_isolate_SAfiA-590-145_ORF1_gene,_complete_cds
408	2716	 0.020	MN775954.1_MAG:_Torque_teno_midi_virus_isolate_SAfiA-414-27_ORF1_gene,_complete_cds
409	3655	 0.019	MN768567.1_MAG:_Torque_teno_virus_isolate_SAfiA-91-2,_complete_genome
410	2627	 0.019	MN775830.1_MAG:_Torque_teno_midi_virus_isolate_SAfiA-235-77_ORF1_gene,_complete_cds
411	3116	 0.019	MN768391.1_MAG:_Torque_teno_virus_isolate_SAfiA-454-3_ORF1_gene,_complete_cds
412	1681	 0.019	KM110799.1_Hepatitis_delta_virus_isolate_NAD,_complete_genome
413	3647	 0.019	MN767572.1_MAG:_Torque_teno_virus_isolate_SAfiA-352-2_ORF1_gene,_complete_cds
414	2727	 0.018	MN778418.1_MAG:_Torque_teno_midi_virus_isolate_SAfiA-556-27_ORF1_gene,_complete_cds
415	2829	 0.018	MN777991.1_MAG:_Torque_teno_midi_virus_isolate_SAfiA-307-7_ORF1_gene,_complete_cds
416	2961	 0.018	MN776990.1_MAG:_Torque_teno_midi_virus_isolate_SAfiA-305-5_ORF1_gene,_complete_cds
417	2646	 0.018	MN780068.1_MAG:_Torque_teno_midi_virus_isolate_SAfiA-874-74_ORF1_gene,_complete_cds
418	2651	 0.018	MN778766.1_MAG:_Torque_teno_midi_virus_isolate_SAfiA-488-12_ORF1_gene,_complete_cds
419	1688	 0.018	MN984462.1_Hepatitis_delta_virus_isolate_HDV_Kyr35,_complete_genome
420	2619	 0.018	MN779108.1_MAG:_Torque_teno_midi_virus_isolate_SAfiA-234-34_ORF1_gene,_complete_cds
421	2671	 0.017	MN777595.1_MAG:_Torque_teno_midi_virus_isolate_SAfiA-481-23_ORF1_gene,_complete_cds
422	2637	 0.016	MN775211.1_MAG:_Torque_teno_midi_virus_isolate_SAfiA-254-114_ORF1_gene,_complete_cds
423	2651	 0.016	MN778494.1_MAG:_Torque_teno_midi_virus_isolate_SAfiA-298-22_ORF1_gene,_complete_cds
424	2671	 0.016	MN778829.1_MAG:_Torque_teno_midi_virus_isolate_SAfiA-646-22_ORF1_gene,_complete_cds
425	1687	 0.016	MG711777.1_Hepatitis_delta_virus_isolate_SUE1032A,_complete_genome
426	2624	 0.015	MN779392.1_MAG:_Torque_teno_midi_virus_isolate_SAfiA-61-32_ORF1_gene,_complete_cds
427	2683	 0.015	MN777206.1_MAG:_Torque_teno_midi_virus_isolate_SAfiA-502-31_ORF1_gene,_complete_cds
428	2909	 0.014	MN775976.1_MAG:_Torque_teno_midi_virus_isolate_SAfiA-352-38_ORF1_gene,_complete_cds
429	2558	 0.013	MN779124.1_MAG:_Torque_teno_midi_virus_isolate_SAfiA-247-55_ORF1_gene,_complete_cds
430	2664	 0.013	MN777605.1_MAG:_Torque_teno_midi_virus_isolate_SAfiA-53-5_ORF1_gene,_complete_cds
431	2754	 0.013	MN777946.1_MAG:_Torque_teno_midi_virus_isolate_SAfiA-242-1_ORF1_gene,_complete_cds
432	2876	 0.012	MN778001.1_MAG:_Torque_teno_midi_virus_isolate_SAfiA-355-14_ORF1_gene,_complete_cds
433	3613	 0.012	MN768471.1_MAG:_Torque_teno_virus_isolate_SAfiA-679-0_ORF1_gene,_complete_cds
434	1673	 0.011	KC590319.1_Hepatitis_delta_virus_isolate_Brazil-1,_complete_genome
435	2588	 0.010	MN779028.1_MAG:_Torque_teno_midi_virus_isolate_SAfiA-587-259_ORF1_gene,_complete_cds
436	2673	 0.010	MN777906.1_MAG:_Torque_teno_midi_virus_isolate_SAfiA-396-21_ORF1_gene,_complete_cds
437	177320	 0.010	AP015016.1_Human_herpesvirus_4_DNA,_complete_genome,_strain:_YCCEL1
438	1679	 0.010	MN984449.1_Hepatitis_delta_virus_isolate_HDV_Kyr13,_complete_genome
439	172764	 0.009	MG021312.1_Human_gammaherpesvirus_4_isolate_AG876-GC1,_complete_genome
440	2947	 0.009	MN774957.1_MAG:_Torque_teno_midi_virus_isolate_SAfiA-549-8,_complete_genome
441	2668	 0.009	MN779572.1_MAG:_Torque_teno_midi_virus_isolate_SAfiA-701-14_ORF1_gene,_complete_cds
442	2600	 0.009	MN775893.1_MAG:_Torque_teno_midi_virus_isolate_SAfiA-360-46_ORF1_gene,_complete_cds
443	177317	 0.008	MG021305.1_Human_gammaherpesvirus_4_isolate_YCCEL1-GC1,_complete_genome
444	2570	 0.006	MN778883.1_MAG:_Torque_teno_midi_virus_isolate_SAfiA-87-100_ORF1_gene,_complete_cds
445	3731	 0.006	MN766845.1_MAG:_Torque_teno_virus_isolate_SAfiA-89-0_ORF1_gene,_complete_cds
446	2588	 0.005	MN775377.1_MAG:_Torque_teno_midi_virus_isolate_SAfiA-440-22_ORF1_gene,_complete_cds
447	9472	 0.004	NC_022518.1_Human_endogenous_retrovirus_K113_complete_genome
448	9472	 0.004	AY037928.1_Human_endogenous_retrovirus_K113_complete_genome
449	2624	 0.004	MN775202.1_MAG:_Torque_teno_midi_virus_isolate_SAfiA-122-33_ORF1_gene,_complete_cds
450	2623	 0.004	MN776697.1_MAG:_Torque_teno_midi_virus_isolate_SAfiA-642-61_ORF1_gene,_complete_cds
451	177314	 0.003	MG021306.1_Human_gammaherpesvirus_4_isolate_YCCEL1-GC2,_complete_genome
452	2763	 0.003	MN778989.1_MAG:_Torque_teno_midi_virus_isolate_SAfiA-398-22_ORF1_gene,_complete_cds
453	1681	 0.003	MG711747.1_Hepatitis_delta_virus_isolate_S1273,_complete_genome
454	3465	 0.002	MN766724.1_MAG:_Torque_teno_virus_isolate_SAfiA-684-1_ORF1_gene,_complete_cds
455	2545	 0.002	MN778502.1_MAG:_Torque_teno_midi_virus_isolate_SAfiA-334-66_ORF1_gene,_complete_cds
456	2633	 0.002	MN779164.1_MAG:_Torque_teno_midi_virus_isolate_SAfiA-401-42_ORF1_gene,_complete_cds
457	172764	 0.002	DQ279927.1_Human_herpesvirus_4_strain_AG876,_complete_genome
458	172764	 0.002	NC_009334.1_Human_herpesvirus_4,_complete_genome
459	1679	 0.002	MG711694.1_Hepatitis_delta_virus_isolate_F886,_complete_genome
460	2581	 0.002	MN775676.1_MAG:_Torque_teno_midi_virus_isolate_SAfiA-589-43_ORF1_gene,_complete_cds
461	1676	 0.002	MG711761.1_Hepatitis_delta_virus_isolate_S5154,_complete_genome
462	5596	 0.000	MH201455.1_Human_parvovirus_B19_isolate_BX1,_complete_genome
